sample	I	II	III	IV	V	VI	VII	VIII	IX	meca	Ia	IIa	IIb	IIIa	IVa	IVb	IVc	IVd	IVg	IVh
GCA_000442355.1_SA16_genome_assembly_genomic	False	True	False	False	False	False	False	False	False	True	False	True	False	False	False	False	False	False	False	False
GCA_000525205.1_Stap_aure_DAR3170_V1_genomic	False	False	False	False	False	False	False	False	False	False	False	False	False	False	False	False	False	False	False	False
GCA_000525225.1_Stap_aure_DAR3172_V1_genomic	False	False	False	False	False	False	False	False	False	False	False	False	False	False	False	False	False	False	False	False
GCA_000525245.1_Stap_aure_DAR3165_V1_genomic	False	False	False	True	False	False	False	False	False	True	False	False	False	False	True	False	False	False	False	False
GCA_000525265.1_Stap_aure_DAR5898_V1_genomic	False	False	False	False	False	False	False	False	False	True	True	False	False	False	False	False	False	False	False	False
GCA_000525285.1_Stap_aure_DAR5897_V1_genomic	False	False	False	False	False	False	False	False	False	True	True	False	False	False	False	False	False	False	False	False
GCA_000525305.1_Stap_aure_DAR5896_V1_genomic	False	False	False	False	False	False	False	False	False	True	True	False	False	False	False	False	False	False	False	False
GCA_000525325.1_Stap_aure_DAR5895_V1_genomic	False	False	False	False	False	False	False	False	False	True	True	False	False	False	False	False	False	False	False	False
GCA_000525345.1_Stap_aure_DAR5894_V1_genomic	False	False	False	False	False	False	False	False	False	True	True	False	False	False	False	False	False	False	False	False
GCA_000525365.1_Stap_aure_DAR5893_V1_genomic	False	False	False	False	False	False	False	False	False	True	True	False	False	False	False	False	False	False	False	False
GCA_000525405.1_Stap_aure_DAR5891_V1_genomic	False	False	False	False	False	False	False	False	False	True	True	False	False	False	False	False	False	False	False	False
GCA_000525425.1_Stap_aure_DAR5882_V1_genomic	False	False	False	False	False	False	False	False	False	True	True	False	False	False	False	False	False	False	False	False
GCA_000525445.1_Stap_aure_DAR5883_V1_genomic	False	False	False	False	False	False	False	False	False	True	True	False	False	False	False	False	False	False	False	False
GCA_000525465.1_Stap_aure_DAR5876_V1_genomic	False	False	False	False	False	False	False	False	False	True	True	False	False	False	False	False	False	False	False	False
GCA_000525485.1_Stap_aure_DAR5866_V1_genomic	False	False	False	False	False	False	False	False	False	True	True	False	False	False	False	False	False	False	False	False
GCA_000525505.1_Stap_aure_DAR5860_V1_genomic	False	False	False	False	False	False	False	False	False	True	True	False	False	False	False	False	False	False	False	False
GCA_000525525.1_Stap_aure_DAR5844_V1_genomic	False	False	False	False	False	False	False	False	False	True	True	False	False	False	False	False	False	False	False	False
GCA_000525545.1_Stap_aure_DAR5842_V1_genomic	False	False	False	False	False	False	False	False	False	True	True	False	False	False	False	False	False	False	False	False
GCA_000525565.1_Stap_aure_DAR5810_V1_genomic	False	False	False	False	False	False	False	False	False	True	True	False	False	False	False	False	False	False	False	False
GCA_000586675.1_Stap_aure_DAR5814_V1_genomic	False	False	False	True	False	False	False	False	False	True	False	False	False	False	False	False	False	False	False	False
GCA_000586715.1_Stap_aure_DAR5855_V1_genomic	False	False	False	False	False	False	False	False	False	True	True	False	False	False	False	False	False	False	False	False
GCA_000595425.1_Stap_aure_DAR5809_V1_genomic	False	False	False	False	False	False	False	False	False	True	True	False	False	False	False	False	False	False	False	False
GCA_000595445.1_Stap_aure_DAR5811_V1_genomic	False	False	False	False	False	False	False	False	False	True	True	False	False	False	False	False	False	False	False	False
GCA_000595465.1_Stap_aure_DAR5812_V1_genomic	False	False	False	False	False	False	False	False	False	True	True	False	False	False	False	False	False	False	False	False
GCA_000595485.1_Stap_aure_DAR5813_V1_genomic	False	False	False	False	False	False	False	False	False	True	True	False	False	False	False	False	False	False	False	False
GCA_000595505.1_Stap_aure_DAR5815_V1_genomic	False	False	False	False	False	False	False	False	False	True	True	False	False	False	False	False	False	False	False	False
GCA_000595525.1_Stap_aure_DAR5816_V1_genomic	False	False	False	True	False	False	False	False	False	True	False	False	False	False	False	False	False	False	False	False
GCA_000595545.1_Stap_aure_DAR5817_V1_genomic	False	False	False	False	False	False	False	False	False	True	True	False	False	False	False	False	False	False	False	False
GCA_000595565.1_Stap_aure_DAR5819_V1_genomic	False	False	False	False	False	False	False	False	False	True	True	False	False	False	False	False	False	False	False	False
GCA_000595585.1_Stap_aure_DAR5820_V1_genomic	False	False	False	False	False	False	False	False	False	True	True	False	False	False	False	False	False	False	False	False
GCA_000525385.1_Stap_aure_DAR5892_V1_genomic	False	False	False	False	False	False	False	False	False	True	True	False	False	False	False	False	False	False	False	False
GCA_000586695.1_Stap_aure_DAR5852_V1_genomic	False	False	False	True	False	False	False	False	False	True	False	False	False	False	True	False	False	False	False	False
GCA_000595605.1_Stap_aure_DAR5821_V1_genomic	False	False	False	False	False	False	False	False	False	True	True	False	False	False	False	False	False	False	False	False
GCA_000595825.1_Stap_aure_DAR5832_V1_genomic	False	False	False	False	False	False	False	False	False	True	True	False	False	False	False	False	False	False	False	False
GCA_000596045.1_Stap_aure_DAR5845_V1_genomic	False	False	False	False	False	False	False	False	False	True	True	False	False	False	False	False	False	False	False	False
GCA_000596265.1_Stap_aure_DAR5858_V1_genomic	False	False	False	False	False	False	False	False	False	True	True	False	False	False	False	False	False	False	False	False
GCA_000609025.1_Stap_aure_DAR5874_V1_genomic	False	False	False	False	False	False	False	False	False	True	True	False	False	False	False	False	False	False	False	False
GCA_000610585.1_Stap_aure_DAR3163_V1_genomic	False	False	False	True	False	False	False	False	False	True	False	False	False	False	True	False	False	False	False	False
GCA_000610805.1_Stap_aure_DAR5889_V1_genomic	False	False	False	False	False	False	False	False	False	True	True	False	False	False	False	False	False	False	False	False
GCA_000816715.1_ASM81671v1_genomic	False	False	False	True	False	False	False	False	False	True	False	False	False	False	True	False	False	False	False	False
GCA_002260085.1_ASM226008v1_genomic	False	False	False	False	False	False	False	False	False	True	False	False	False	False	False	False	False	False	True	False
GCA_000595625.1_Stap_aure_DAR5822_V1_genomic	False	False	False	False	False	False	False	False	False	True	True	False	False	False	False	False	False	False	False	False
GCA_000595645.1_Stap_aure_DAR5823_V1_genomic	False	False	False	False	False	False	False	False	False	True	True	False	False	False	False	False	False	False	False	False
GCA_000595665.1_Stap_aure_DAR5824_V1_genomic	False	False	False	False	False	False	False	False	False	True	True	False	False	False	False	False	False	False	False	False
GCA_000595685.1_Stap_aure_DAR5825_V1_genomic	False	False	False	False	False	False	False	False	False	True	True	False	False	False	False	False	False	False	False	False
GCA_000595705.1_Stap_aure_DAR5826_V1_genomic	False	False	False	False	False	False	False	False	False	True	True	False	False	False	False	False	False	False	False	False
GCA_000595725.1_Stap_aure_DAR5827_V1_genomic	False	False	False	False	False	False	False	False	False	True	True	False	False	False	False	False	False	False	False	False
GCA_000595745.1_Stap_aure_DAR5828_V1_genomic	False	False	False	False	False	False	False	False	False	True	True	False	False	False	False	False	False	False	False	False
GCA_000595765.1_Stap_aure_DAR5829_V1_genomic	False	False	False	False	False	False	False	False	False	True	True	False	False	False	False	False	False	False	False	False
GCA_000595785.1_Stap_aure_DAR5830_V1_genomic	False	False	False	False	False	False	False	False	False	True	True	False	False	False	False	False	False	False	False	False
GCA_000595805.1_Stap_aure_DAR5831_V1_genomic	False	False	False	False	False	False	False	False	False	True	True	False	False	False	False	False	False	False	False	False
GCA_000595845.1_Stap_aure_DAR5833_V1_genomic	False	False	False	False	False	False	False	False	False	True	True	False	False	False	False	False	False	False	False	False
GCA_000595865.1_Stap_aure_DAR5834_V1_genomic	False	False	False	False	False	False	False	False	False	True	True	False	False	False	False	False	False	False	False	False
GCA_000595885.1_Stap_aure_DAR5835_V1_genomic	False	False	False	False	False	False	False	False	False	True	True	False	False	False	False	False	False	False	False	False
GCA_000595905.1_Stap_aure_DAR5836_V1_genomic	False	False	False	False	False	False	False	False	False	True	True	False	False	False	False	False	False	False	False	False
GCA_000595925.1_Stap_aure_DAR5837_V1_genomic	False	False	False	False	False	False	False	False	False	True	True	False	False	False	False	False	False	False	False	False
GCA_000595945.1_Stap_aure_DAR5838_V1_genomic	False	False	False	False	False	False	False	False	False	True	True	False	False	False	False	False	False	False	False	False
GCA_000595965.1_Stap_aure_DAR5839_V1_genomic	False	False	False	False	False	False	False	False	False	True	True	False	False	False	False	False	False	False	False	False
GCA_000595985.1_Stap_aure_DAR5840_V1_genomic	False	False	False	False	False	False	False	False	False	True	True	False	False	False	False	False	False	False	False	False
GCA_000596005.1_Stap_aure_DAR5841_V1_genomic	False	False	False	False	False	False	False	False	False	True	True	False	False	False	False	False	False	False	False	False
GCA_000596025.1_Stap_aure_DAR5843_V1_genomic	False	False	False	False	False	False	False	False	False	True	True	False	False	False	False	False	False	False	False	False
GCA_000596065.1_Stap_aure_DAR5846_V1_genomic	False	False	False	True	False	False	False	False	False	True	False	False	False	False	True	False	False	False	False	False
GCA_000596085.1_Stap_aure_DAR5847_V1_genomic	False	False	False	False	False	False	False	False	False	True	True	False	False	False	False	False	False	False	False	False
GCA_000596105.1_Stap_aure_DAR5848_V1_genomic	False	False	False	False	False	False	False	False	False	True	True	False	False	False	False	False	False	False	False	False
GCA_000596125.1_Stap_aure_DAR5849_V1_genomic	False	False	False	False	False	False	False	False	False	True	True	False	False	False	False	False	False	False	False	False
GCA_000596145.1_Stap_aure_DAR5850_V1_genomic	False	False	False	False	False	False	False	False	False	True	True	False	False	False	False	False	False	False	False	False
GCA_000596165.1_Stap_aure_DAR5851_V1_genomic	False	False	False	False	False	False	False	False	False	True	True	False	False	False	False	False	False	False	False	False
GCA_000596185.1_Stap_aure_DAR5853_V1_genomic	False	False	False	False	False	False	False	False	False	True	True	False	False	False	False	False	False	False	False	False
GCA_000596205.1_Stap_aure_DAR5854_V1_genomic	False	False	False	False	False	False	False	False	False	True	True	False	False	False	False	False	False	False	False	False
GCA_000596225.1_Stap_aure_DAR5856_V1_genomic	False	False	False	False	False	False	False	False	False	True	True	False	False	False	False	False	False	False	False	False
GCA_000596245.1_Stap_aure_DAR5857_V1_genomic	False	False	False	False	False	False	False	False	False	True	True	False	False	False	False	False	False	False	False	False
GCA_000596285.1_Stap_aure_DAR5859_V1_genomic	False	False	False	False	False	False	False	False	False	True	True	False	False	False	False	False	False	False	False	False
GCA_000596305.1_Stap_aure_DAR5861_V1_genomic	False	False	False	False	False	False	False	False	False	True	True	False	False	False	False	False	False	False	False	False
GCA_000596325.1_Stap_aure_DAR5862_V1_genomic	False	False	False	False	False	False	False	False	False	True	True	False	False	False	False	False	False	False	False	False
GCA_000596345.1_Stap_aure_DAR5863_V1_genomic	False	False	False	False	False	False	False	False	False	True	True	False	False	False	False	False	False	False	False	False
GCA_000596365.1_Stap_aure_DAR5864_V1_genomic	False	False	False	False	False	False	False	False	False	True	True	False	False	False	False	False	False	False	False	False
GCA_000596385.1_Stap_aure_DAR5865_V1_genomic	False	False	False	False	False	False	False	False	False	True	True	False	False	False	False	False	False	False	False	False
GCA_000596405.1_Stap_aure_DAR5867_V1_genomic	False	False	False	False	False	False	False	False	False	False	False	False	False	False	False	False	False	False	False	False
GCA_000608925.1_Stap_aure_DAR5880_V1_genomic	False	False	False	False	False	False	False	False	False	True	True	False	False	False	False	False	False	False	False	False
GCA_000608965.1_Stap_aure_DAR5878_V1_genomic	False	False	False	False	False	False	False	False	False	True	True	False	False	False	False	False	False	False	False	False
GCA_000608985.1_Stap_aure_DAR5877_V1_genomic	False	False	False	False	False	False	False	False	False	True	True	False	False	False	False	False	False	False	False	False
GCA_000609045.1_Stap_aure_DAR5873_V1_genomic	False	False	False	False	False	False	False	False	False	True	True	False	False	False	False	False	False	False	False	False
GCA_000610405.1_Stap_aure_DAR3143_V1_genomic	False	False	False	False	False	False	False	False	False	True	True	False	False	False	False	False	False	False	False	False
GCA_000610425.1_Stap_aure_DAR3144_V1_genomic	False	False	False	False	False	False	False	False	False	True	True	False	False	False	False	False	False	False	False	False
GCA_000610445.1_Stap_aure_DAR3148_V1_genomic	False	False	False	False	False	False	False	False	False	True	True	False	False	False	False	False	False	False	False	False
GCA_000610465.1_Stap_aure_DAR3150_V1_genomic	False	False	False	False	False	False	False	False	False	True	True	False	False	False	False	False	False	False	False	False
GCA_000610485.1_Stap_aure_DAR3152_V1_genomic	False	False	False	False	False	False	False	False	False	True	True	False	False	False	False	False	False	False	False	False
GCA_000610505.1_Stap_aure_DAR3153_V1_genomic	False	False	False	False	False	False	False	False	False	True	True	False	False	False	False	False	False	False	False	False
GCA_000610525.1_Stap_aure_DAR3156_V1_genomic	False	False	False	True	False	False	False	False	False	True	False	False	False	False	False	False	True	False	False	False
GCA_000610545.1_Stap_aure_DAR3157_V1_genomic	False	False	False	True	False	False	False	False	False	True	False	False	False	False	False	False	True	False	False	False
GCA_000610565.1_Stap_aure_DAR3162_V1_genomic	False	False	False	True	False	False	False	False	False	True	False	False	False	False	True	False	False	False	False	False
GCA_000610605.1_Stap_aure_DAR3166_V1_genomic	False	False	False	True	False	False	False	False	False	True	False	False	False	False	False	False	True	False	False	False
GCA_000610625.1_Stap_aure_DAR3175_V1_genomic	False	False	False	False	False	False	False	False	False	True	True	False	False	False	False	False	False	False	False	False
GCA_000610645.1_Stap_aure_DAR3176_V1_genomic	False	False	False	False	False	False	False	False	False	False	False	False	False	False	False	False	False	False	False	False
GCA_000610665.1_Stap_aure_DAR3177_V1_genomic	False	False	False	False	False	False	False	False	False	False	False	False	False	False	False	False	False	False	False	False
GCA_000610685.1_Stap_aure_DAR3178_V1_genomic	False	False	False	False	False	False	False	False	False	False	False	False	False	False	False	False	False	False	False	False
GCA_000610705.1_Stap_aure_DAR3179_V1_genomic	False	False	False	True	False	False	False	False	False	True	False	False	False	False	True	False	False	False	False	False
GCA_000610725.1_Stap_aure_DAR3183_V1_genomic	False	False	False	False	False	False	False	False	False	False	False	False	False	False	False	False	False	False	False	False
GCA_000610745.1_Stap_aure_DAR3198_V1_genomic	False	False	False	False	False	False	False	False	False	False	False	False	False	False	False	False	False	False	False	False
GCA_000610765.1_Stap_aure_DAR3236_V1_genomic	False	False	False	False	False	False	False	False	False	True	True	False	False	False	False	False	False	False	False	False
GCA_000610785.1_Stap_aure_DAR5890_V1_genomic	False	False	False	False	False	False	False	False	False	True	True	False	False	False	False	False	False	False	False	False
GCA_000610825.1_Stap_aure_DAR5888_V1_genomic	False	False	False	False	False	False	False	False	False	True	True	False	False	False	False	False	False	False	False	False
GCA_000610845.1_Stap_aure_DAR5887_V1_genomic	False	False	False	False	False	False	False	False	False	True	True	False	False	False	False	False	False	False	False	False
GCA_000610865.1_Stap_aure_DAR5886_V1_genomic	False	False	False	False	False	False	False	False	False	True	True	False	False	False	False	False	False	False	False	False
GCA_000610885.1_Stap_aure_DAR5885_V1_genomic	False	False	False	False	False	False	False	False	False	True	True	False	False	False	False	False	False	False	False	False
GCA_000610905.1_Stap_aure_DAR5884_V1_genomic	False	False	False	False	False	False	False	False	False	True	True	False	False	False	False	False	False	False	False	False
GCA_000610925.1_Stap_aure_DAR5881_V1_genomic	False	False	False	False	False	False	False	False	False	True	True	False	False	False	False	False	False	False	False	False
GCA_000610945.1_Stap_aure_DAR5872_V1_genomic	False	False	False	False	False	False	False	False	False	True	True	False	False	False	False	False	False	False	False	False
GCA_000610965.1_Stap_aure_DAR5871_V1_genomic	False	False	False	False	False	False	False	False	False	True	True	False	False	False	False	False	False	False	False	False
GCA_000610985.1_Stap_aure_DAR5870_V1_genomic	False	False	False	False	False	False	False	False	False	True	True	False	False	False	False	False	False	False	False	False
GCA_000611005.1_Stap_aure_DAR5869_V1_genomic	False	False	False	False	False	False	False	False	False	True	True	False	False	False	False	False	False	False	False	False
GCA_000611025.1_Stap_aure_DAR5868_V1_genomic	False	False	False	False	False	False	False	False	False	True	True	False	False	False	False	False	False	False	False	False
GCA_001411605.1_ASM141160v1_genomic	False	False	False	True	False	False	False	False	False	True	False	False	False	False	True	False	False	False	False	False
GCA_001411615.1_ASM141161v1_genomic	False	False	False	True	False	False	False	False	False	True	False	False	False	False	True	False	False	False	False	False
GCA_001411635.1_ASM141163v1_genomic	False	False	False	True	False	False	False	False	False	True	False	False	False	False	True	False	False	False	False	False
GCA_001469105.1_ASM146910v1_genomic	False	False	False	False	False	False	False	False	False	False	False	False	False	False	False	False	False	False	False	False
GCA_001726145.1_ASM172614v1_genomic	False	False	False	False	True	False	True	False	False	True	False	False	False	False	False	False	False	False	False	False
GCA_002250135.1_ASM225013v1_genomic	False	False	False	False	False	False	False	False	False	False	False	False	False	False	False	True	False	False	False	False
GCA_002259985.1_ASM225998v1_genomic	False	False	False	False	False	False	False	False	False	True	False	False	False	False	False	False	False	False	False	False
GCA_002259995.1_ASM225999v1_genomic	False	False	False	False	False	False	False	False	False	True	True	False	False	False	False	False	False	False	False	False
GCA_002260005.1_ASM226000v1_genomic	False	True	False	False	False	False	False	False	False	True	False	True	False	False	False	False	False	False	False	False
GCA_002260015.1_ASM226001v1_genomic	False	False	False	False	False	False	False	False	False	True	True	False	False	False	False	False	False	False	False	False
GCA_002260065.1_ASM226006v1_genomic	False	True	False	False	False	False	False	False	False	True	False	True	False	False	False	False	False	False	False	False
GCA_002260075.1_ASM226007v1_genomic	False	False	False	True	False	False	False	False	False	True	False	False	False	False	False	False	True	False	False	False
GCA_002260105.1_ASM226010v1_genomic	False	False	False	True	False	False	False	False	False	True	False	False	False	False	False	False	True	False	False	False
GCA_002260145.1_ASM226014v1_genomic	False	False	False	True	False	False	False	False	False	True	False	False	False	False	False	False	True	False	False	False
GCA_002260165.1_ASM226016v1_genomic	False	False	False	False	False	False	False	False	False	True	True	False	False	False	False	False	False	False	False	False
GCA_002260175.1_ASM226017v1_genomic	False	False	False	False	False	False	False	False	False	True	True	False	False	False	False	False	False	False	False	False
GCA_002260245.1_ASM226024v1_genomic	False	False	False	False	False	False	False	False	False	True	True	False	False	False	False	False	False	False	False	False
GCA_002260265.1_ASM226026v1_genomic	False	False	False	False	False	False	False	False	False	True	False	False	False	False	False	False	False	False	False	False
GCA_002260275.1_ASM226027v1_genomic	False	False	False	False	False	False	False	False	False	True	False	True	False	False	False	False	False	False	False	False
GCA_002260285.1_ASM226028v1_genomic	False	False	False	False	False	False	False	False	False	True	True	False	False	False	False	False	False	False	False	False
GCA_002260315.1_ASM226031v1_genomic	False	False	False	False	False	False	False	False	False	True	True	False	False	False	False	False	False	False	False	False
GCA_002260345.1_ASM226034v1_genomic	False	False	False	True	False	False	False	False	False	True	False	False	False	False	False	False	True	False	False	False
GCA_002260365.1_ASM226036v1_genomic	False	False	False	True	False	False	False	False	False	True	False	False	False	False	True	False	False	False	False	False
GCA_002260425.1_ASM226042v1_genomic	False	False	False	False	False	False	False	False	False	True	True	False	False	False	False	False	False	False	False	False
GCA_002260445.1_ASM226044v1_genomic	False	False	False	True	False	False	False	False	False	True	False	False	False	False	False	False	False	False	True	False
GCA_002260505.1_ASM226050v1_genomic	False	False	False	True	False	False	False	False	False	True	False	False	False	False	True	False	False	False	False	False
GCA_002267065.1_ASM226706v1_genomic	False	False	False	True	False	False	False	False	False	True	False	False	False	False	False	False	True	False	False	False
GCA_002267075.1_ASM226707v1_genomic	False	False	False	False	False	False	False	False	False	True	True	False	False	False	False	False	False	False	False	False
GCA_002267105.1_ASM226710v1_genomic	False	False	False	True	False	False	False	False	False	True	False	False	False	False	False	False	True	False	False	False
GCA_002267125.1_ASM226712v1_genomic	False	False	True	False	False	False	False	False	False	True	False	False	False	True	False	False	False	False	False	False
GCA_002267135.1_ASM226713v1_genomic	False	False	False	True	False	False	False	False	False	True	False	False	False	False	True	False	False	False	False	False
GCA_002267145.1_ASM226714v1_genomic	False	False	True	False	False	False	False	False	False	True	False	False	False	True	False	False	False	False	False	False
GCA_002267155.1_ASM226715v1_genomic	False	False	False	True	False	False	False	False	False	True	False	False	False	False	False	True	False	False	False	False
GCA_002267205.1_ASM226720v1_genomic	False	False	False	True	False	False	False	False	False	True	False	False	False	False	False	False	True	False	False	False
GCA_002267215.1_ASM226721v1_genomic	False	False	False	False	False	False	False	False	False	True	False	False	False	False	False	False	True	False	False	False
GCA_002267225.1_ASM226722v1_genomic	False	False	False	True	False	False	False	False	False	True	False	False	False	False	False	False	True	False	False	False
GCA_002267285.1_ASM226728v1_genomic	False	False	False	True	False	False	False	False	False	True	False	False	False	False	False	False	True	False	False	False
GCA_002267295.1_ASM226729v1_genomic	False	False	False	True	False	False	False	False	False	True	False	False	False	False	False	False	True	False	False	False
GCA_002267325.1_ASM226732v1_genomic	False	False	True	False	False	False	False	False	False	True	False	False	False	True	False	False	False	False	False	False
GCA_002267345.1_ASM226734v1_genomic	False	False	False	True	False	False	False	False	False	True	False	False	False	False	False	False	True	False	False	False
GCA_002267365.1_ASM226736v1_genomic	False	False	False	True	False	False	False	False	False	True	False	False	False	False	False	False	True	False	False	False
GCA_002267385.1_ASM226738v1_genomic	False	False	False	True	False	False	False	False	False	True	False	False	False	False	True	False	False	False	False	False
GCA_002267405.1_ASM226740v1_genomic	False	False	False	False	False	False	False	False	False	True	True	False	False	False	False	False	False	False	False	False
GCA_002267415.2_ASM226741v2_genomic	False	True	False	False	False	False	False	False	False	True	False	True	False	False	False	False	False	False	False	False
GCA_002267425.1_ASM226742v1_genomic	False	False	False	True	False	False	False	False	False	True	False	False	False	False	False	False	False	True	False	False
GCA_002267445.1_ASM226744v1_genomic	False	False	False	True	False	False	False	False	False	True	False	False	False	False	False	False	True	False	False	False
GCA_002267485.1_ASM226748v1_genomic	False	False	False	True	False	False	False	False	False	True	False	False	False	False	False	False	True	False	False	False
GCA_002267525.1_ASM226752v1_genomic	False	False	False	True	False	False	False	False	False	True	False	False	False	False	False	False	True	False	False	False
GCA_002267565.1_ASM226756v1_genomic	False	False	False	True	False	False	False	False	False	True	False	False	False	False	False	False	True	False	False	False
GCA_002267575.1_ASM226757v1_genomic	False	False	False	True	False	False	False	False	False	True	False	False	False	False	False	False	True	False	False	False
GCA_002267605.2_ASM226760v2_genomic	False	False	False	False	False	False	False	False	False	True	True	False	False	False	False	False	False	False	False	False
GCA_002267625.1_ASM226762v1_genomic	False	False	True	False	True	False	True	False	False	True	False	False	False	True	False	False	False	False	False	False
GCA_002267645.1_ASM226764v1_genomic	False	False	False	False	False	False	False	False	False	True	True	False	False	False	False	False	False	False	False	False
GCA_002267665.1_ASM226766v1_genomic	False	True	False	False	False	False	False	False	False	True	False	True	False	False	False	False	False	False	False	False
GCA_002267685.1_ASM226768v1_genomic	False	True	False	False	False	False	False	False	False	True	False	True	False	False	False	False	False	False	False	False
GCA_002267695.1_ASM226769v1_genomic	False	True	False	False	False	False	False	False	False	True	False	True	False	False	False	False	False	False	False	False
GCA_002267705.1_ASM226770v1_genomic	False	False	False	True	False	False	False	False	False	True	False	False	False	False	True	False	False	False	False	False
GCA_002267745.1_ASM226774v1_genomic	False	False	False	True	False	False	False	False	False	True	False	False	False	False	False	False	True	False	False	False
GCA_002267785.1_ASM226778v1_genomic	False	False	False	False	False	False	False	False	False	True	False	False	False	False	False	False	True	False	False	False
GCA_002267825.1_ASM226782v1_genomic	False	False	False	True	False	False	False	False	False	True	False	False	False	False	False	False	True	False	False	False
GCA_002267905.1_ASM226790v1_genomic	False	False	False	True	False	False	False	False	False	True	False	False	False	False	False	False	True	False	False	False
GCA_002267925.1_ASM226792v1_genomic	False	False	False	True	False	False	False	False	False	True	False	False	False	False	False	True	False	False	False	False
GCA_002267935.1_ASM226793v1_genomic	False	False	False	False	False	False	False	False	False	True	True	False	False	False	False	False	False	False	False	False
GCA_002267965.1_ASM226796v1_genomic	False	False	False	True	False	False	False	False	False	True	False	False	False	False	False	False	False	False	True	False
GCA_002267995.1_ASM226799v1_genomic	False	False	False	True	False	False	False	False	False	True	False	False	False	False	False	False	False	False	True	False
GCA_002268035.1_ASM226803v1_genomic	False	False	False	False	False	False	False	False	False	True	True	False	False	False	False	False	False	False	False	False
GCA_002268085.1_ASM226808v1_genomic	False	False	False	True	False	False	False	False	False	True	False	False	False	False	True	False	False	False	False	False
GCA_002268105.1_ASM226810v1_genomic	False	False	False	True	False	False	False	False	False	True	False	False	False	False	False	False	True	False	False	False
GCA_002268125.1_ASM226812v1_genomic	False	False	False	True	False	False	False	False	False	True	False	False	False	False	True	False	False	False	False	False
GCA_002268135.1_ASM226813v1_genomic	False	False	False	True	False	False	False	False	False	True	False	False	False	False	False	False	True	False	False	False
GCA_002268145.1_ASM226814v1_genomic	False	False	False	True	False	False	False	False	False	True	False	False	False	False	True	False	False	False	False	False
GCA_002268185.1_ASM226818v1_genomic	False	False	False	False	False	False	False	False	False	True	True	False	False	False	False	False	False	False	False	False
GCA_002374075.1_ASM237407v1_genomic	False	False	False	False	False	False	False	False	False	False	False	False	False	False	False	False	False	False	False	False
GCA_002734305.1_ASM273430v1_genomic	False	True	False	False	False	False	False	False	False	True	False	True	False	False	False	False	False	False	False	False
GCA_002734315.1_ASM273431v1_genomic	False	True	False	False	False	False	False	False	False	True	False	True	False	False	False	False	False	False	False	False
GCA_002734325.1_ASM273432v1_genomic	False	True	False	False	False	False	False	False	False	True	False	True	False	False	False	False	False	False	False	False
GCA_002734345.1_ASM273434v1_genomic	False	True	False	False	False	False	False	False	False	True	False	True	False	False	False	False	False	False	False	False
GCA_002734385.1_ASM273438v1_genomic	False	True	False	False	False	False	False	False	False	True	False	True	False	False	False	False	False	False	False	False
GCA_002734405.1_ASM273440v1_genomic	False	False	False	False	False	False	False	False	False	True	False	True	False	False	False	False	False	False	False	False
GCA_002734415.1_ASM273441v1_genomic	False	True	False	False	False	False	False	False	False	True	False	True	False	False	False	False	False	False	False	False
GCA_002734425.1_ASM273442v1_genomic	False	True	False	False	False	False	False	False	False	True	False	True	False	False	False	False	False	False	False	False
GCA_002734455.1_ASM273445v1_genomic	False	True	False	False	False	False	False	False	False	True	False	True	False	False	False	False	False	False	False	False
GCA_002734485.1_ASM273448v1_genomic	False	True	False	False	False	False	False	False	False	True	False	True	False	False	False	False	False	False	False	False
GCA_002734495.1_ASM273449v1_genomic	False	True	False	False	False	False	False	False	False	True	False	True	False	False	False	False	False	False	False	False
GCA_002736785.1_ASM273678v1_genomic	False	True	False	False	False	False	False	False	False	True	False	True	False	False	False	False	False	False	False	False
GCA_002736795.1_ASM273679v1_genomic	False	True	False	False	False	False	False	False	False	True	False	True	False	False	False	False	False	False	False	False
GCA_002736805.1_ASM273680v1_genomic	False	True	False	False	False	False	False	False	False	True	False	True	False	False	False	False	False	False	False	False
GCA_002736815.1_ASM273681v1_genomic	False	True	False	False	False	False	False	False	False	True	False	True	False	False	False	False	False	False	False	False
GCA_002736865.1_ASM273686v1_genomic	False	True	False	False	False	False	False	False	False	True	False	True	False	False	False	False	False	False	False	False
GCA_002736875.1_ASM273687v1_genomic	False	True	False	False	False	False	False	False	False	True	False	True	False	False	False	False	False	False	False	False
GCA_002798125.1_ASM279812v1_genomic	False	False	False	False	False	False	False	False	False	False	False	False	False	False	False	False	False	False	False	False
GCA_002887295.1_ASM288729v1_genomic	False	False	False	False	False	False	False	False	False	True	False	False	False	False	False	False	False	False	False	False
GCA_002887305.1_ASM288730v1_genomic	False	True	False	False	False	False	False	False	False	True	False	True	False	False	False	False	False	False	False	False
GCA_002887345.1_ASM288734v1_genomic	False	False	False	True	False	False	False	False	False	True	False	False	False	False	False	False	True	False	False	False
GCA_002887375.1_ASM288737v1_genomic	False	False	False	False	False	False	False	False	False	True	False	False	False	False	False	False	False	False	False	False
GCA_002887395.1_ASM288739v1_genomic	False	False	False	True	False	False	False	False	False	True	False	False	False	False	False	False	True	False	False	False
GCA_002887445.1_ASM288744v1_genomic	False	False	False	True	False	False	False	False	False	True	False	False	False	False	False	False	False	False	True	False
GCA_002887475.1_ASM288747v1_genomic	False	False	False	False	False	False	False	False	False	True	False	False	False	False	False	False	True	False	False	False
GCA_002887495.1_ASM288749v1_genomic	False	False	True	False	True	False	True	False	False	True	True	False	False	True	False	False	False	False	False	False
GCA_002887505.1_ASM288750v1_genomic	False	False	False	False	False	False	False	False	False	True	True	False	False	False	False	False	False	False	False	False
GCA_002930565.1_ASM293056v1_genomic	False	False	False	False	False	False	False	False	False	False	False	False	False	False	False	False	False	False	False	False
GCA_003055665.1_ASM305566v1_genomic	False	False	False	False	False	False	False	False	False	False	False	False	False	False	False	False	False	False	False	False
GCA_003055675.1_ASM305567v1_genomic	False	False	False	False	False	False	False	False	False	False	False	False	False	False	False	False	False	False	False	False
GCA_003055705.1_ASM305570v1_genomic	False	False	False	False	False	False	False	False	False	False	False	False	False	False	False	False	False	False	False	False
GCA_003055715.1_ASM305571v1_genomic	False	False	False	False	False	False	False	False	False	False	False	False	False	False	False	False	False	False	False	False
GCA_003055745.1_ASM305574v1_genomic	False	False	False	False	False	False	False	False	False	False	False	False	False	False	False	False	False	False	False	False
GCA_003055765.1_ASM305576v1_genomic	False	False	False	False	False	False	False	False	False	False	False	False	False	False	False	False	False	False	False	False
GCA_003055775.1_ASM305577v1_genomic	False	False	False	False	False	False	False	False	False	False	False	False	False	False	False	False	False	False	False	False
GCA_003055825.1_ASM305582v1_genomic	False	False	False	False	False	False	False	False	False	False	False	False	False	False	False	False	False	False	False	False
GCA_003055865.1_ASM305586v1_genomic	False	False	False	False	False	False	False	False	False	False	False	False	False	False	False	False	False	False	False	False
GCA_003055875.1_ASM305587v1_genomic	False	False	False	False	False	False	False	False	False	False	False	False	False	False	False	False	False	False	False	False
GCA_003055885.1_ASM305588v1_genomic	False	False	False	False	False	False	False	False	False	False	False	False	False	False	False	False	False	False	False	False
GCA_003075675.1_ASM307567v1_genomic	False	False	False	False	False	False	False	False	False	False	False	False	False	False	False	False	False	False	False	False
GCA_003075815.1_ASM307581v1_genomic	False	True	False	False	False	False	False	False	False	True	False	True	False	False	False	False	False	False	False	False
GCA_003075835.1_ASM307583v1_genomic	False	True	False	False	False	False	False	False	False	True	False	True	False	False	False	False	False	False	False	False
GCA_003075855.1_ASM307585v1_genomic	False	False	False	False	False	False	False	False	False	True	True	False	False	False	False	False	False	False	False	False
GCA_003075875.1_ASM307587v1_genomic	False	False	False	False	False	False	False	False	False	False	False	True	False	False	False	False	False	False	False	False
GCA_003075895.1_ASM307589v1_genomic	False	True	False	False	False	False	False	False	False	True	False	True	False	False	False	False	False	False	False	False
GCA_003075915.1_ASM307591v1_genomic	False	False	False	False	False	False	False	False	False	True	True	True	False	False	False	False	False	False	False	False
GCA_003075935.1_ASM307593v1_genomic	False	False	False	False	False	False	False	False	False	True	True	False	False	False	False	False	False	False	False	False
GCA_003075975.1_ASM307597v1_genomic	False	False	False	False	False	False	False	False	False	True	True	False	False	False	False	False	False	False	False	False
GCA_003075985.1_ASM307598v1_genomic	False	False	False	False	False	False	False	False	False	True	True	False	False	False	False	False	False	False	False	False
GCA_003075995.1_ASM307599v1_genomic	False	False	False	False	False	False	False	False	False	True	True	False	False	False	False	False	False	False	False	False
GCA_003076035.1_ASM307603v1_genomic	False	False	False	False	False	False	False	False	False	True	True	False	False	False	False	False	False	False	False	False
GCA_003076055.1_ASM307605v1_genomic	False	False	False	False	False	False	False	False	False	True	True	False	False	False	False	False	False	False	False	False
GCA_003076075.1_ASM307607v1_genomic	False	False	False	False	False	False	False	False	False	True	True	False	False	False	False	False	False	False	False	False
GCA_003076095.1_ASM307609v1_genomic	True	False	False	True	False	False	False	False	True	True	True	True	False	False	False	False	False	False	False	False
GCA_003076115.1_ASM307611v1_genomic	False	False	False	False	False	False	False	False	False	True	True	False	False	False	False	False	False	False	False	False
GCA_003095195.1_ASM309519v1_genomic	False	False	False	False	False	False	False	False	False	True	True	False	False	False	False	False	False	False	False	False
GCA_003095215.1_ASM309521v1_genomic	False	False	False	False	False	False	False	False	False	True	True	False	False	False	False	False	False	False	False	False
GCA_003095235.1_ASM309523v1_genomic	False	True	False	False	False	False	False	False	False	True	True	True	False	False	False	False	False	False	False	False
GCA_003095275.1_ASM309527v1_genomic	False	True	False	False	False	False	False	False	False	True	False	True	False	False	False	False	False	False	False	False
GCA_003095315.1_ASM309531v1_genomic	False	False	False	False	False	False	False	False	False	True	True	False	False	False	False	False	False	False	False	False
GCA_003095335.1_ASM309533v1_genomic	False	True	False	False	False	False	False	False	False	True	False	True	False	False	False	False	False	False	False	False
GCA_003095355.1_ASM309535v1_genomic	False	True	False	True	False	False	False	False	False	True	True	True	False	False	False	False	False	False	False	False
GCA_003571245.1_ASM357124v1_genomic	False	False	False	True	False	False	False	False	False	True	False	False	False	False	False	False	True	False	False	False
GCA_003571275.1_ASM357127v1_genomic	False	False	False	True	False	False	False	False	False	True	False	False	False	False	False	False	True	False	False	False
GCA_003571365.1_ASM357136v1_genomic	False	False	False	True	False	False	False	False	False	True	False	False	False	False	True	False	False	False	False	False
GCA_003584945.1_ASM358494v1_genomic	False	True	False	False	False	False	False	False	False	True	False	True	False	False	False	False	False	False	False	False
GCA_003589645.1_ASM358964v1_genomic	False	False	False	False	False	False	False	False	False	True	True	False	False	False	False	False	False	False	False	False
GCA_003589655.1_ASM358965v1_genomic	False	False	False	False	False	False	False	False	False	True	True	False	False	False	False	False	False	False	False	False
GCA_003589705.1_ASM358970v1_genomic	False	False	False	False	False	False	False	False	False	True	True	False	False	False	False	False	False	False	False	False
GCA_003595465.1_ASM359546v1_genomic	False	False	False	True	False	False	False	False	False	True	False	False	False	False	True	False	False	False	False	False
GCA_003595505.1_ASM359550v1_genomic	False	False	False	True	False	False	False	False	False	True	False	False	False	False	True	False	False	False	False	False
GCA_003709905.1_ASM370990v1_genomic	False	False	False	False	False	False	False	False	False	False	False	False	False	False	False	False	False	False	False	False
GCA_003709925.1_ASM370992v1_genomic	False	False	False	False	False	False	False	False	False	False	False	False	False	False	False	False	False	False	False	False
GCA_003709945.1_ASM370994v1_genomic	False	False	False	False	False	False	False	False	False	False	False	False	False	False	False	False	False	False	False	False
GCA_003709965.1_ASM370996v1_genomic	False	False	False	False	False	False	False	False	False	False	False	False	False	False	False	False	False	False	False	False
GCA_003711625.1_ASM371162v1_genomic	False	False	False	False	False	False	False	False	False	False	False	False	False	False	False	False	False	False	False	False
GCA_003711635.1_ASM371163v1_genomic	False	False	False	False	False	False	False	False	False	False	False	False	False	False	False	False	False	False	False	False
GCA_003711665.1_ASM371166v1_genomic	False	False	False	False	False	False	False	False	False	False	False	False	False	False	False	False	False	False	False	False
GCA_003711675.1_ASM371167v1_genomic	False	False	False	False	False	False	False	False	False	False	False	False	False	False	False	False	False	False	False	False
GCA_003711705.1_ASM371170v1_genomic	False	False	False	False	False	False	False	False	False	False	False	False	False	False	False	False	False	False	False	False
GCA_003711725.1_ASM371172v1_genomic	False	False	False	False	False	False	False	False	False	False	False	False	False	False	False	False	False	False	False	False
GCA_003711745.1_ASM371174v1_genomic	False	False	False	False	False	False	False	False	False	False	False	False	False	False	False	False	False	False	False	False
GCA_003711755.1_ASM371175v1_genomic	False	False	False	False	False	False	False	False	False	False	False	False	False	False	False	False	False	False	False	False
GCA_003711825.1_ASM371182v1_genomic	False	False	False	False	False	False	False	False	False	False	False	False	False	False	False	False	False	False	False	False
GCA_004803435.1_ASM480343v1_genomic	False	False	False	False	False	False	False	False	False	False	False	False	False	False	False	False	False	False	False	False
GCA_009674225.1_ASM967422v1_genomic	False	False	False	False	False	False	False	False	False	False	False	False	False	False	False	False	False	False	False	False
GCA_009674245.1_ASM967424v1_genomic	False	False	False	False	False	False	False	False	False	False	False	False	False	False	False	False	False	False	False	False
GCA_009674255.1_ASM967425v1_genomic	False	False	False	False	False	False	False	False	False	False	False	False	False	False	False	False	False	False	False	False
GCA_009674275.1_ASM967427v1_genomic	False	False	False	False	False	False	False	False	False	False	False	False	False	False	False	False	False	False	False	False
GCA_009674305.1_ASM967430v1_genomic	False	False	False	False	False	False	False	False	False	False	False	False	False	False	False	False	False	False	False	False
GCA_009674325.1_ASM967432v1_genomic	False	False	False	False	False	False	False	False	False	False	False	False	False	False	False	False	False	False	False	False
GCA_009674345.1_ASM967434v1_genomic	False	False	False	False	False	False	False	False	False	False	False	False	False	False	False	False	False	False	False	False
GCA_009674355.1_ASM967435v1_genomic	False	False	False	False	False	False	False	False	False	False	False	False	False	False	False	False	False	False	False	False
GCA_009674365.1_ASM967436v1_genomic	False	False	False	False	False	False	False	False	False	False	False	False	False	False	False	False	False	False	False	False
GCA_009674405.1_ASM967440v1_genomic	False	False	False	False	False	False	False	False	False	False	False	False	False	False	False	False	False	False	False	False
GCA_002267265.1_ASM226726v1_genomic	False	False	False	True	False	False	False	False	False	True	False	False	False	False	False	False	True	False	False	False
GCA_002267535.1_ASM226753v1_genomic	False	True	False	False	False	False	False	False	False	True	False	True	False	False	False	False	False	False	False	False
GCA_002267845.1_ASM226784v1_genomic	False	False	False	True	False	False	False	False	False	True	False	False	False	False	False	False	True	False	False	False
GCA_002268195.1_ASM226819v1_genomic	False	False	False	True	False	False	False	False	False	True	False	False	False	False	False	False	False	False	True	False
GCA_002734505.1_ASM273450v1_genomic	False	False	False	False	False	False	False	False	False	True	False	True	False	False	False	False	False	False	False	False
GCA_002887415.1_ASM288741v1_genomic	False	False	False	True	False	False	False	False	False	True	False	False	False	False	True	False	False	False	False	False
GCA_003055785.1_ASM305578v1_genomic	False	False	False	False	False	False	False	False	False	False	False	False	False	False	False	False	False	False	False	False
GCA_003075955.1_ASM307595v1_genomic	False	False	False	False	False	False	False	False	False	True	True	False	False	False	False	False	False	False	False	False
GCA_003095295.1_ASM309529v1_genomic	False	False	False	False	False	False	False	False	False	True	True	False	False	False	False	False	False	False	False	False
GCA_003709885.1_ASM370988v1_genomic	False	False	False	False	False	False	False	False	False	False	False	False	False	False	False	False	False	False	False	False
GCA_003711785.1_ASM371178v1_genomic	False	False	False	False	False	False	False	False	False	False	False	False	False	False	False	False	False	False	False	False
GCA_009674445.1_ASM967444v1_genomic	False	False	False	False	False	False	False	False	False	False	False	False	False	False	False	False	False	False	False	False
GCA_009674455.1_ASM967445v1_genomic	False	False	False	False	False	False	False	False	False	False	False	False	False	False	False	False	False	False	False	False
GCA_009674865.1_ASM967486v1_genomic	False	False	False	False	False	False	False	False	False	False	False	False	False	False	False	False	False	False	False	False
GCA_009674895.1_ASM967489v1_genomic	False	False	False	False	False	False	False	False	False	False	False	False	False	False	False	False	False	False	False	False
GCA_009674905.1_ASM967490v1_genomic	False	False	False	False	False	False	False	False	False	False	False	False	False	False	False	False	False	False	False	False
GCA_009674915.1_ASM967491v1_genomic	False	False	False	False	False	False	False	False	False	False	False	False	False	False	False	False	False	False	False	False
GCA_009674955.1_ASM967495v1_genomic	False	False	False	False	False	False	False	False	False	False	False	True	False	False	False	False	False	False	False	False
GCA_009674985.1_ASM967498v1_genomic	False	False	False	False	False	False	False	False	False	False	False	False	False	False	False	False	False	False	False	False
GCA_009674995.1_ASM967499v1_genomic	False	False	False	False	False	False	False	False	False	False	False	False	False	False	False	False	False	False	False	False
GCA_009675005.1_ASM967500v1_genomic	False	False	False	False	False	False	False	False	False	False	False	False	False	False	False	False	False	False	False	False
GCA_009675025.1_ASM967502v1_genomic	False	False	False	False	False	False	False	False	False	False	False	False	False	False	False	False	False	False	False	False
GCA_009675055.1_ASM967505v1_genomic	False	False	False	False	False	False	False	False	False	False	False	False	False	False	False	False	False	False	False	False
GCA_009675105.1_ASM967510v1_genomic	False	False	False	False	False	False	False	False	False	False	False	False	False	False	False	False	False	False	False	False
GCA_009675115.1_ASM967511v1_genomic	False	False	False	False	False	False	False	False	False	False	False	False	False	False	False	False	False	False	False	False
GCA_009675125.1_ASM967512v1_genomic	False	False	False	False	False	False	False	False	False	False	False	False	False	False	False	False	False	False	False	False
GCA_009675165.1_ASM967516v1_genomic	False	False	False	False	False	False	False	False	False	False	False	False	False	False	True	False	False	False	False	False
GCA_009675175.1_ASM967517v1_genomic	False	False	False	False	False	False	False	False	False	False	False	False	False	False	False	False	False	False	False	False
GCA_009675205.1_ASM967520v1_genomic	False	False	False	False	False	False	False	False	False	False	False	False	False	False	False	False	False	False	False	False
GCA_009675215.1_ASM967521v1_genomic	False	False	False	False	False	False	False	False	False	False	False	False	False	False	False	False	False	False	False	False
GCA_009675235.1_ASM967523v1_genomic	False	False	False	False	False	False	False	False	False	False	False	False	False	False	False	False	False	False	False	False
GCA_009675265.1_ASM967526v1_genomic	False	False	False	False	False	False	False	False	False	False	False	False	False	False	False	False	False	False	False	False
GCA_009675285.1_ASM967528v1_genomic	False	False	False	False	False	False	False	False	False	False	False	False	False	False	False	False	False	False	False	False
GCA_009675295.1_ASM967529v1_genomic	False	False	False	False	False	False	False	False	False	False	False	False	False	False	False	False	False	False	False	False
GCA_009675315.1_ASM967531v1_genomic	False	False	False	False	False	False	False	False	False	False	False	False	False	False	False	False	False	False	False	False
GCA_009675355.1_ASM967535v1_genomic	False	False	False	False	False	False	False	False	False	False	False	True	False	False	False	False	False	False	False	False
GCA_009675385.1_ASM967538v1_genomic	False	False	False	False	False	False	False	False	False	False	False	False	False	False	False	False	False	False	False	False
GCA_009675405.1_ASM967540v1_genomic	False	False	False	False	False	False	False	False	False	False	False	False	False	False	False	False	False	False	False	False
GCA_009675415.1_ASM967541v1_genomic	False	False	False	False	False	False	False	False	False	False	False	False	False	False	False	False	False	False	False	False
GCA_009675425.1_ASM967542v1_genomic	False	False	False	False	False	False	False	False	False	False	False	False	False	False	False	False	False	False	False	False
GCA_009675455.1_ASM967545v1_genomic	False	False	False	False	False	False	False	False	False	False	False	False	False	False	False	False	False	False	False	False
GCA_009675475.1_ASM967547v1_genomic	False	False	False	False	False	False	False	False	False	False	False	False	False	False	False	False	False	False	False	False
GCA_009675505.1_ASM967550v1_genomic	False	False	False	False	False	False	False	False	False	False	False	False	False	False	False	False	False	False	False	False
GCA_009675525.1_ASM967552v1_genomic	False	False	False	False	False	False	False	False	False	False	False	False	False	False	False	False	False	False	False	False
GCA_009675535.1_ASM967553v1_genomic	False	False	False	False	False	False	False	False	False	False	False	False	False	False	False	False	False	False	False	False
GCA_009675565.1_ASM967556v1_genomic	False	False	False	False	False	False	False	False	False	False	False	False	False	False	False	False	False	False	False	False
GCA_009675585.1_ASM967558v1_genomic	False	False	False	False	False	False	False	False	False	False	False	False	False	False	False	False	False	False	False	False
GCA_009675625.1_ASM967562v1_genomic	False	False	False	False	False	False	False	False	False	False	False	False	False	False	False	False	False	False	False	False
GCA_009675635.1_ASM967563v1_genomic	False	False	False	False	False	False	False	False	False	False	False	False	False	False	False	False	False	False	False	False
GCA_009675655.1_ASM967565v1_genomic	False	False	False	False	False	False	False	False	False	False	False	False	False	False	False	False	False	False	False	False
GCA_009675675.1_ASM967567v1_genomic	False	False	False	False	False	False	False	False	False	False	False	False	False	False	False	False	False	False	False	False
GCA_009675705.1_ASM967570v1_genomic	False	False	False	False	False	False	False	False	False	False	False	False	False	False	False	False	False	False	False	False
GCA_009675725.1_ASM967572v1_genomic	False	False	False	False	False	False	False	False	False	False	False	False	False	False	False	False	False	False	False	False
GCA_009675735.1_ASM967573v1_genomic	False	False	False	False	False	False	False	False	False	False	False	False	False	False	False	False	False	False	False	False
GCA_009675755.1_ASM967575v1_genomic	False	False	False	False	False	False	False	False	False	False	False	False	False	False	False	False	False	False	False	False
GCA_009675785.1_ASM967578v1_genomic	False	False	False	False	False	False	False	False	False	False	False	False	False	False	False	False	False	False	False	False
GCA_009675805.1_ASM967580v1_genomic	False	False	False	False	False	False	False	False	False	False	False	False	False	False	False	False	False	False	False	False
GCA_009675815.1_ASM967581v1_genomic	False	False	False	False	False	False	False	False	False	False	False	False	False	False	False	False	False	False	False	False
GCA_009675825.1_ASM967582v1_genomic	False	False	False	False	False	False	False	False	False	False	False	False	False	False	False	False	False	False	False	False
GCA_009675885.1_ASM967588v1_genomic	False	False	False	False	False	False	False	False	False	False	False	False	False	False	False	False	False	False	False	False
GCA_009675905.1_ASM967590v1_genomic	False	False	False	False	False	False	False	False	False	False	False	False	False	False	False	False	False	False	False	False
GCA_009675915.1_ASM967591v1_genomic	False	False	False	False	False	False	False	False	False	False	False	False	False	False	False	False	False	False	False	False
GCA_009675925.1_ASM967592v1_genomic	False	False	False	False	False	False	False	False	False	False	False	False	False	False	False	False	False	False	False	False
GCA_009675965.1_ASM967596v1_genomic	False	False	False	False	False	False	False	False	False	False	False	False	False	False	False	False	False	False	False	False
GCA_009675985.1_ASM967598v1_genomic	False	False	False	False	False	False	False	False	False	False	False	False	False	False	False	False	False	False	False	False
GCA_009676005.1_ASM967600v1_genomic	False	False	False	False	False	False	False	False	False	False	False	False	False	False	False	False	False	False	False	False
GCA_009676015.1_ASM967601v1_genomic	False	False	False	False	False	False	False	False	False	False	False	False	False	False	False	False	False	False	False	False
GCA_009676025.1_ASM967602v1_genomic	False	False	False	False	False	False	False	False	False	False	False	False	False	False	False	False	False	False	False	False
GCA_009676065.1_ASM967606v1_genomic	False	False	False	False	False	False	False	False	False	False	False	False	False	False	False	False	False	False	False	False
GCA_009676085.1_ASM967608v1_genomic	False	False	False	False	False	False	False	False	False	False	False	False	False	False	False	False	False	False	False	False
GCA_009676095.1_ASM967609v1_genomic	False	False	False	False	False	False	False	False	False	False	False	False	False	False	False	False	False	False	False	False
GCA_009676145.1_ASM967614v1_genomic	False	False	False	False	False	False	False	False	False	False	False	False	False	False	False	False	False	False	False	False
GCA_009676155.1_ASM967615v1_genomic	False	False	False	False	False	False	False	False	False	False	False	False	False	False	False	False	False	False	False	False
GCA_009676165.1_ASM967616v1_genomic	False	False	False	False	False	False	False	False	False	False	False	False	False	False	False	False	False	False	False	False
GCA_009676205.1_ASM967620v1_genomic	False	False	False	False	False	False	False	False	False	False	False	False	False	False	False	False	False	False	False	False
GCA_009676225.1_ASM967622v1_genomic	False	False	False	False	False	False	False	False	False	False	False	False	False	False	False	False	False	False	False	False
GCA_009676245.1_ASM967624v1_genomic	False	False	False	False	False	False	False	False	False	False	False	False	False	False	False	False	False	False	False	False
GCA_009676255.1_ASM967625v1_genomic	False	False	False	False	False	False	False	False	False	False	False	False	False	False	False	False	False	False	False	False
GCA_009676265.1_ASM967626v1_genomic	False	False	False	False	False	False	False	False	False	False	False	False	False	False	False	False	False	False	False	False
GCA_009676305.1_ASM967630v1_genomic	False	False	False	False	False	False	False	False	False	False	False	False	False	False	False	False	False	False	False	False
GCA_009676315.1_ASM967631v1_genomic	False	False	False	False	False	False	False	False	False	False	False	False	False	False	False	False	False	False	False	False
GCA_009676345.1_ASM967634v1_genomic	False	False	False	False	False	False	False	False	False	False	False	False	False	False	False	False	False	False	False	False
GCA_009697305.1_ASM969730v1_genomic	False	False	False	False	False	False	False	False	False	False	False	False	False	False	False	False	False	False	False	False
GCA_009763195.1_ASM976319v1_genomic	False	False	False	False	False	False	False	False	False	False	False	False	False	False	False	False	False	False	False	False
GCA_009857865.1_ASM985786v1_genomic	False	False	False	False	False	False	False	False	False	True	True	False	False	False	False	False	False	False	False	False
GCA_010569245.1_ASM1056924v1_genomic	False	False	False	False	False	False	False	False	False	False	False	False	False	False	False	False	False	False	False	False
GCA_010569255.1_ASM1056925v1_genomic	False	False	False	False	False	False	False	False	False	False	False	False	False	False	False	False	False	False	False	False
GCA_010569275.1_ASM1056927v1_genomic	False	False	False	False	False	False	False	False	False	False	False	False	False	False	False	False	False	False	False	False
GCA_010569305.1_ASM1056930v1_genomic	False	False	False	False	False	False	False	False	False	False	False	False	False	False	False	False	False	False	False	False
GCA_010569315.1_ASM1056931v1_genomic	False	False	False	False	False	False	False	False	False	False	False	False	False	False	False	False	False	False	False	False
GCA_010569345.1_ASM1056934v1_genomic	False	False	False	False	False	False	False	False	False	False	False	False	False	False	False	False	False	False	False	False
GCA_010569355.1_ASM1056935v1_genomic	False	False	False	False	False	False	False	False	False	False	False	False	False	False	False	False	False	False	False	False
GCA_010569385.1_ASM1056938v1_genomic	False	False	False	False	False	False	False	False	False	False	False	False	False	False	False	False	False	False	False	False
GCA_010569405.1_ASM1056940v1_genomic	False	False	False	False	False	False	False	False	False	False	False	False	False	False	False	False	False	False	False	False
GCA_010569415.1_ASM1056941v1_genomic	False	False	False	False	False	False	False	False	False	False	False	False	False	False	False	False	False	False	False	False
GCA_010569445.1_ASM1056944v1_genomic	False	False	False	False	False	False	False	False	False	False	False	False	False	False	False	False	False	False	False	False
GCA_010569485.1_ASM1056948v1_genomic	False	False	False	False	False	False	False	False	False	False	False	False	False	False	False	False	False	False	False	False
GCA_010569505.1_ASM1056950v1_genomic	False	False	False	False	False	False	False	False	False	False	False	False	False	False	False	False	False	False	False	False
GCA_010569515.1_ASM1056951v1_genomic	False	False	False	False	False	False	False	False	False	False	False	False	False	False	False	False	False	False	False	False
GCA_010569535.1_ASM1056953v1_genomic	False	False	False	False	False	False	False	False	False	False	False	False	False	False	False	False	False	False	False	False
GCA_010569555.1_ASM1056955v1_genomic	False	False	False	False	False	False	False	False	False	False	False	False	False	False	False	False	False	False	False	False
GCA_010570705.1_ASM1057070v1_genomic	False	False	False	False	False	False	False	False	False	False	False	False	False	False	False	False	False	False	False	False
GCA_010570735.1_ASM1057073v1_genomic	False	False	False	False	False	False	False	False	False	False	False	False	False	False	False	False	False	False	False	False
GCA_010570755.1_ASM1057075v1_genomic	False	False	False	False	False	False	False	False	False	False	False	False	False	False	False	False	False	False	False	False
GCA_010570775.1_ASM1057077v1_genomic	False	False	False	False	False	False	False	False	False	False	False	True	False	False	False	False	False	False	False	False
GCA_010570805.1_ASM1057080v1_genomic	False	False	False	False	False	False	False	False	False	False	False	False	False	False	False	False	False	False	False	False
GCA_010570845.1_ASM1057084v1_genomic	False	False	False	False	False	False	False	False	False	False	False	False	False	False	False	False	False	False	False	False
GCA_010570855.1_ASM1057085v1_genomic	False	False	False	False	False	False	False	False	False	False	False	False	False	False	False	False	False	False	False	False
GCA_010570905.1_ASM1057090v1_genomic	False	False	False	False	False	False	False	False	False	False	False	False	False	False	False	False	False	False	False	False
GCA_010570925.1_ASM1057092v1_genomic	False	False	False	False	False	False	False	False	False	False	False	False	False	False	False	False	False	False	False	False
GCA_010570935.1_ASM1057093v1_genomic	False	False	False	False	False	False	False	False	False	False	False	False	False	False	False	False	False	False	False	False
GCA_010570945.1_ASM1057094v1_genomic	False	False	False	False	False	False	False	False	False	False	False	False	False	False	False	False	False	False	False	False
GCA_010570955.1_ASM1057095v1_genomic	False	False	False	False	False	False	False	False	False	False	False	False	False	False	False	False	False	False	False	False
GCA_010571005.1_ASM1057100v1_genomic	False	False	False	False	False	False	False	False	False	False	False	False	False	False	False	False	False	False	False	False
GCA_010571025.1_ASM1057102v1_genomic	False	False	False	False	False	False	False	False	False	False	False	False	False	False	False	False	False	False	False	False
GCA_010571035.1_ASM1057103v1_genomic	False	False	False	False	False	False	False	False	False	False	False	False	False	False	False	False	False	False	False	False
GCA_010571045.1_ASM1057104v1_genomic	False	False	False	False	False	False	False	False	False	False	False	False	False	False	False	False	False	False	False	False
GCA_010571055.1_ASM1057105v1_genomic	False	False	False	False	False	False	False	False	False	False	False	False	False	False	False	False	False	False	False	False
GCA_010571125.1_ASM1057112v1_genomic	False	False	False	False	False	False	False	False	False	False	False	False	False	False	False	False	False	False	False	False
GCA_010571135.1_ASM1057113v1_genomic	False	False	False	False	False	False	False	False	False	False	False	False	False	False	False	False	False	False	False	False
GCA_010571145.1_ASM1057114v1_genomic	False	False	False	False	False	False	False	False	False	False	False	False	False	False	False	False	False	False	False	False
GCA_010571165.1_ASM1057116v1_genomic	False	False	False	False	False	False	False	False	False	False	False	False	False	False	False	False	False	False	False	False
GCA_010571185.1_ASM1057118v1_genomic	False	False	False	False	False	False	False	False	False	False	False	False	False	False	False	False	False	False	False	False
GCA_010571225.1_ASM1057122v1_genomic	False	False	False	False	False	False	False	False	False	False	False	False	False	False	False	False	False	False	False	False
GCA_011065455.1_UA819_genomic	False	False	False	False	True	False	True	False	False	True	False	False	False	False	False	False	False	False	False	False
GCA_011812665.1_ASM1181266v1_genomic	False	False	False	False	False	False	False	False	False	True	True	False	False	False	False	False	False	False	False	False
GCA_011812675.1_ASM1181267v1_genomic	False	True	False	True	False	False	False	False	False	True	False	True	False	False	False	False	False	False	False	False
GCA_011812685.1_ASM1181268v1_genomic	False	False	False	True	False	False	False	False	False	True	False	False	False	False	True	False	False	False	False	False
GCA_011812695.1_ASM1181269v1_genomic	False	False	False	True	False	False	False	False	False	True	False	False	False	False	False	False	False	False	True	False
GCA_011812705.1_ASM1181270v1_genomic	False	False	True	False	True	False	True	False	False	True	False	False	False	True	False	False	False	False	False	False
GCA_012276815.1_ASM1227681v1_genomic	False	False	False	True	False	False	False	False	False	True	False	False	False	False	False	False	False	False	False	False
GCA_012276835.1_ASM1227683v1_genomic	False	False	False	True	False	False	False	False	False	True	False	False	False	False	True	False	False	False	False	False
GCA_012276845.1_ASM1227684v1_genomic	False	False	False	True	False	False	False	False	False	True	False	False	False	False	True	False	False	False	False	False
GCA_012276855.1_ASM1227685v1_genomic	False	False	False	True	False	False	False	False	False	True	False	False	False	False	False	False	False	False	False	False
GCA_012276865.1_ASM1227686v1_genomic	False	False	False	False	False	False	False	False	False	True	False	False	False	False	False	False	False	False	True	False
GCA_012955985.1_ASM1295598v1_genomic	False	False	False	False	False	False	False	False	False	True	True	False	False	False	False	False	False	False	False	False
GCA_012955995.1_ASM1295599v1_genomic	False	False	False	False	False	False	False	False	False	False	False	False	False	False	False	False	False	False	False	False
GCA_012956015.1_ASM1295601v1_genomic	False	True	False	False	False	False	False	False	False	True	False	True	False	False	False	False	False	False	False	False
GCA_012956825.1_ASM1295682v1_genomic	False	True	False	False	False	False	False	False	False	True	False	True	False	False	False	False	False	False	False	False
GCA_012956845.1_ASM1295684v1_genomic	False	False	False	True	False	False	False	False	False	True	False	False	False	False	True	False	False	False	False	False
GCA_012956855.1_ASM1295685v1_genomic	False	False	False	False	False	False	False	False	False	False	False	False	False	False	False	False	False	False	False	False
GCA_012956875.1_ASM1295687v1_genomic	False	False	False	True	False	False	False	False	False	True	False	False	False	False	False	False	False	False	True	False
GCA_012956925.1_ASM1295692v1_genomic	False	False	False	True	False	False	False	False	False	True	False	False	False	False	False	False	False	False	True	False
GCA_012956945.1_ASM1295694v1_genomic	False	False	False	True	False	False	False	False	False	True	False	False	False	False	False	False	False	False	True	False
GCA_012956965.1_ASM1295696v1_genomic	False	False	False	True	False	False	False	False	False	True	False	False	False	False	False	False	False	False	True	False
GCA_012956975.1_ASM1295697v1_genomic	False	False	False	False	False	False	False	False	False	True	True	False	False	False	False	False	False	False	False	False
GCA_013303105.1_ASM1330310v1_genomic	False	False	False	False	False	False	False	False	False	False	False	False	False	False	False	False	False	False	False	False
GCA_013366385.1_ASM1336638v1_genomic	False	False	False	False	False	False	False	False	False	False	False	False	False	False	False	True	False	False	False	False
GCA_013371405.1_ASM1337140v1_genomic	False	False	False	False	False	False	False	False	False	False	False	False	False	False	False	True	False	False	False	False
GCA_013372685.1_ASM1337268v1_genomic	False	False	False	False	False	False	False	False	False	False	False	False	False	False	False	True	False	False	False	False
GCA_013372705.1_ASM1337270v1_genomic	False	False	False	False	False	False	False	False	False	False	False	False	False	False	False	True	False	False	False	False
GCA_013423445.1_ASM1342344v1_genomic	False	False	False	False	False	False	False	False	False	True	False	False	False	False	False	False	True	False	False	False
GCA_013423475.1_ASM1342347v1_genomic	False	False	False	False	False	False	False	False	False	True	False	False	False	False	False	False	True	False	False	False
GCA_013423545.1_ASM1342354v1_genomic	False	False	False	False	False	False	False	False	False	True	False	False	False	False	False	False	True	False	False	False
GCA_013423575.1_ASM1342357v1_genomic	False	False	False	False	False	False	False	False	False	True	False	False	False	False	False	False	True	False	False	False
GCA_013423605.1_ASM1342360v1_genomic	False	False	False	False	False	False	False	False	False	True	False	False	False	False	False	False	True	False	False	False
GCA_017355805.1_ASM1735580v1_genomic	False	False	False	False	False	False	False	False	False	False	False	False	False	False	True	False	True	False	False	False
GCA_019836305.1_ASM1983630v1_genomic	False	False	False	False	False	False	False	False	False	False	False	False	False	False	False	False	False	False	False	False
GCA_019836345.1_ASM1983634v1_genomic	False	False	False	False	False	False	False	False	False	False	False	False	False	False	False	False	False	False	False	False
GCA_020682925.1_ASM2068292v1_genomic	False	False	False	False	True	False	True	False	False	True	False	False	False	False	False	False	False	False	False	False
GCA_020682945.1_ASM2068294v1_genomic	False	False	False	False	False	False	False	False	False	True	True	False	False	False	False	False	False	False	False	False
GCA_020682965.1_ASM2068296v1_genomic	False	True	False	False	False	False	False	False	False	True	False	True	False	False	False	False	False	False	False	False
GCA_021608775.1_ASM2160877v1_genomic	False	False	False	False	False	False	False	False	False	True	False	False	False	False	True	False	False	False	False	False
GCA_009675085.1_ASM967508v1_genomic	False	False	False	False	False	False	False	False	False	False	False	False	False	False	False	False	False	False	False	False
GCA_009675345.1_ASM967534v1_genomic	False	False	False	False	False	False	False	False	False	False	False	False	False	False	False	False	False	False	False	False
GCA_009675605.1_ASM967560v1_genomic	False	False	False	False	False	False	False	False	False	False	False	False	False	False	False	False	False	False	False	False
GCA_009675835.1_ASM967583v1_genomic	False	False	False	False	False	False	False	False	False	False	False	False	False	False	False	False	False	False	False	False
GCA_009676125.1_ASM967612v1_genomic	False	False	False	False	False	False	False	False	False	False	False	False	False	False	False	False	False	False	False	False
GCA_009697335.1_ASM969733v1_genomic	False	False	False	False	False	False	False	False	False	False	False	False	False	False	False	False	False	False	False	False
GCA_010569425.1_ASM1056942v1_genomic	False	False	False	False	False	False	False	False	False	False	False	False	False	False	False	False	False	False	False	False
GCA_010570825.1_ASM1057082v1_genomic	False	False	False	False	False	False	False	False	False	False	False	False	False	False	False	False	False	False	False	False
GCA_010571075.1_ASM1057107v1_genomic	False	False	False	False	False	False	False	False	False	False	False	False	False	False	False	False	False	False	False	False
GCA_012276725.1_ASM1227672v1_genomic	False	False	False	False	False	False	False	False	False	True	False	False	False	False	False	False	False	False	True	False
GCA_012956865.1_ASM1295686v1_genomic	False	False	False	False	False	False	False	False	False	False	False	False	False	False	False	False	False	False	False	False
GCA_013423465.1_ASM1342346v1_genomic	False	False	False	False	False	False	False	False	False	True	False	False	False	False	False	False	True	False	False	False
GCA_024701305.1_ASM2470130v1_genomic	False	False	False	False	False	False	False	False	False	False	False	False	False	False	False	False	False	False	False	False
GCA_028864135.1_ASM2886413v1_genomic	False	False	False	False	False	False	False	False	False	False	False	False	False	False	False	True	False	False	False	False
GCA_033022935.1_ASM3302293v1_genomic	False	False	False	True	False	False	False	False	False	True	False	False	False	False	True	False	False	False	False	False
GCF_001045805.1_ASM104580v1_genomic	False	False	False	True	False	False	False	False	False	True	False	False	False	False	False	False	True	False	False	False
GCF_001226505.1_5197_1_3_genomic	False	False	True	False	True	False	True	False	False	True	False	False	False	True	False	False	False	False	False	False
GCA_002260435.1_ASM226043v1_genomic	False	True	False	False	False	False	False	False	False	True	False	True	False	False	False	False	False	False	False	False
GCA_009674425.1_ASM967442v1_genomic	False	False	False	False	False	False	False	False	False	False	False	False	False	False	False	False	False	False	False	False
GCA_024701335.1_ASM2470133v1_genomic	False	False	False	False	False	False	False	False	False	False	False	False	False	False	False	True	False	False	False	False
GCA_024701345.1_ASM2470134v1_genomic	False	False	False	False	False	False	False	False	False	False	False	False	False	False	False	False	False	False	False	False
GCA_024790455.1_ASM2479045v1_genomic	False	False	False	False	False	False	False	False	False	True	True	False	False	False	False	False	False	False	False	False
GCA_026191555.1_ASM2619155v1_genomic	False	False	False	False	False	False	False	False	False	False	False	False	False	False	False	False	False	False	False	False
GCA_026191575.1_ASM2619157v1_genomic	False	False	False	True	False	False	False	False	False	True	False	False	False	False	False	False	False	False	True	False
GCA_026191595.1_ASM2619159v1_genomic	False	False	False	False	False	False	False	False	False	False	False	False	False	False	False	False	False	False	False	False
GCA_026191615.1_ASM2619161v1_genomic	False	False	False	False	False	False	False	False	False	False	False	False	False	False	False	False	False	False	False	False
GCA_026191695.1_ASM2619169v1_genomic	False	False	False	False	False	False	False	False	False	False	False	False	False	False	False	False	False	False	False	False
GCA_027854375.1_ASM2785437v1_genomic	False	False	False	False	False	False	False	False	False	False	False	False	False	False	False	False	False	False	False	False
GCA_027854385.1_ASM2785438v1_genomic	False	False	False	False	False	False	False	False	False	False	False	False	False	False	False	False	False	False	False	False
GCA_027854435.1_ASM2785443v1_genomic	False	False	False	False	False	False	False	False	False	False	False	False	False	False	False	False	False	False	False	False
GCA_028881055.1_ASM2888105v1_genomic	False	False	False	False	False	False	False	False	False	True	False	False	False	False	False	True	False	False	False	False
GCA_028881615.1_ASM2888161v1_genomic	False	False	False	False	False	False	False	False	False	True	False	False	False	False	False	True	False	False	False	False
GCA_028881665.1_ASM2888166v1_genomic	False	False	False	False	True	False	True	False	False	True	False	False	False	False	False	False	False	False	False	False
GCA_030005575.1_ASM3000557v1_genomic	False	False	False	False	False	False	False	False	False	False	False	False	False	False	False	False	False	False	False	False
GCA_030412825.1_ASM3041282v1_genomic	False	False	False	False	False	False	False	False	False	False	False	False	False	False	False	False	False	False	False	False
GCA_030412835.1_ASM3041283v1_genomic	False	False	False	False	False	False	False	False	False	False	False	False	False	False	False	False	False	False	False	False
GCA_030687025.1_ASM3068702v1_genomic	False	False	False	False	False	False	False	False	False	True	True	False	False	False	False	False	False	False	False	False
GCA_030687035.1_ASM3068703v1_genomic	False	False	False	False	False	False	False	False	False	False	False	False	False	False	False	False	False	False	False	False
GCA_030687065.1_ASM3068706v1_genomic	False	False	False	True	False	False	False	False	False	True	False	False	False	False	True	False	False	False	False	False
GCA_031317555.1_ASM3131755v1_genomic	False	False	False	False	False	False	False	False	False	False	False	False	False	False	False	False	False	False	False	False
GCA_031317575.1_ASM3131757v1_genomic	False	False	True	False	False	False	False	False	False	True	False	False	False	True	False	False	False	False	False	False
GCA_031317635.1_ASM3131763v1_genomic	False	False	False	True	False	False	False	False	False	True	False	False	False	False	False	False	False	False	True	False
GCA_033440905.1_ASM3344090v1_genomic	False	False	False	False	False	False	False	False	False	True	False	False	False	False	False	False	False	False	False	False
GCA_033440925.1_ASM3344092v1_genomic	False	False	False	False	False	False	False	False	False	True	False	False	False	False	False	False	False	False	False	False
GCA_033440945.1_ASM3344094v1_genomic	False	False	False	False	False	False	False	False	False	True	False	False	False	False	False	False	False	False	False	False
GCA_033440965.1_ASM3344096v1_genomic	False	False	False	False	False	False	False	False	False	True	False	False	False	False	False	False	False	False	False	False
GCA_035727165.1_ASM3572716v1_genomic	False	True	False	False	False	False	False	False	False	True	False	True	False	False	False	False	False	False	False	False
GCF_000647855.2_ASM64785v2_genomic	False	False	False	True	False	False	False	False	False	True	False	False	False	False	True	False	False	False	False	False
GCF_000855655.1_ASM85565v1_genomic	False	False	False	False	False	False	False	False	False	False	False	False	False	False	False	False	False	False	False	False
GCF_001018725.1_ASM101872v1_genomic	False	False	False	False	False	False	False	False	False	False	False	False	False	False	False	False	False	False	False	False
GCF_001045715.1_ASM104571v1_genomic	False	False	False	True	False	False	False	False	False	True	False	False	False	False	False	False	True	False	False	False
GCF_001045725.1_ASM104572v1_genomic	False	False	False	False	False	False	False	False	False	True	False	False	False	False	True	False	False	False	False	False
GCF_001045745.1_ASM104574v1_genomic	False	False	False	True	False	False	False	False	False	True	False	False	False	False	False	False	True	False	False	False
GCF_001045775.1_ASM104577v1_genomic	False	False	False	True	False	False	False	False	False	True	False	False	False	False	False	False	True	False	False	False
GCF_001045835.1_ASM104583v1_genomic	False	False	False	True	False	False	False	False	False	True	False	False	False	False	False	False	True	False	False	False
GCF_001045855.1_ASM104585v1_genomic	False	False	False	True	False	False	False	False	False	True	False	False	False	False	False	False	True	False	False	False
GCF_001045865.1_ASM104586v1_genomic	False	False	False	True	False	False	False	False	False	True	False	False	False	False	False	False	True	False	False	False
GCF_001045895.1_ASM104589v1_genomic	False	False	False	True	False	False	False	False	False	True	False	False	False	False	False	False	True	False	False	False
GCF_001045905.1_ASM104590v1_genomic	False	False	False	True	False	False	False	False	False	True	False	False	False	False	False	False	True	False	False	False
GCF_001045935.1_ASM104593v1_genomic	False	False	False	True	False	False	False	False	False	True	False	False	False	False	False	False	True	False	False	False
GCF_001045955.1_ASM104595v1_genomic	False	False	False	True	False	False	False	False	False	True	False	False	False	False	False	False	True	False	False	False
GCF_001045975.1_ASM104597v1_genomic	False	False	False	True	False	False	False	False	False	True	False	False	False	False	False	False	True	False	False	False
GCF_001046015.1_ASM104601v1_genomic	False	False	False	True	False	False	False	False	False	True	False	False	False	False	False	False	True	False	False	False
GCF_001046055.1_ASM104605v1_genomic	False	False	False	True	False	False	False	False	False	True	False	False	False	False	False	False	True	False	False	False
GCF_001046255.1_ASM104625v1_genomic	False	False	False	True	False	False	False	False	False	True	False	False	False	False	False	False	True	False	False	False
GCF_001046265.1_ASM104626v1_genomic	False	False	False	True	False	False	False	False	False	True	False	False	False	False	False	False	True	False	False	False
GCF_001229045.1_5197_1_2_genomic	False	False	True	False	True	False	True	False	False	True	False	False	False	True	False	False	False	False	False	False
GCF_001230325.1_5119_1_9_genomic	False	False	True	False	True	False	True	False	False	True	False	False	False	True	False	False	False	False	False	False
GCF_001306505.1_ASM130650v1_genomic	False	False	False	False	False	False	False	False	False	False	False	False	False	False	False	False	False	False	False	False
GCF_001306525.1_ASM130652v1_genomic	False	False	False	False	False	False	False	False	False	False	False	False	False	False	False	False	False	False	False	False
GCF_001411685.1_ASM141168v1_genomic	False	False	False	True	False	False	False	False	False	True	False	False	False	False	True	False	False	False	False	False
GCF_001455955.1_ASM145595v1_genomic	False	False	False	False	True	False	True	False	False	True	False	False	False	False	False	False	False	False	False	False
GCF_001469015.1_ASM146901v1_genomic	False	False	False	False	False	False	False	False	False	False	False	False	False	False	False	False	False	False	False	False
GCF_001676955.1_ASM167695v1_genomic	False	False	False	False	False	False	False	False	False	False	False	False	False	False	False	False	False	False	False	False
GCF_001921665.1_ASM192166v1_genomic	False	False	False	False	False	False	False	False	False	False	False	False	False	False	False	False	False	False	False	False
GCF_001921685.1_C18_genomic	False	False	False	False	True	False	True	False	False	True	False	False	False	False	False	False	False	False	False	False
GCF_001921695.1_C80_genomic	False	False	False	False	False	False	False	False	False	False	False	False	False	False	False	False	False	False	False	False
GCF_001982965.1_ASM198296v1_genomic	False	False	False	False	False	False	False	False	False	False	False	False	False	False	False	False	False	False	False	False
GCF_001982975.1_ASM198297v1_genomic	False	False	False	False	False	False	False	False	False	False	False	False	False	False	False	False	False	False	False	False
GCF_001983025.1_ASM198302v1_genomic	False	False	False	False	False	False	False	False	False	False	False	False	False	False	False	False	False	False	False	False
GCF_001983065.1_ASM198306v1_genomic	False	False	False	False	False	False	False	False	False	False	False	False	False	False	False	False	False	False	False	False
GCF_001983085.1_ASM198308v1_genomic	False	False	False	False	False	False	False	False	False	False	False	False	False	False	False	False	False	False	False	False
GCF_001983095.1_ASM198309v1_genomic	False	False	False	False	False	False	False	False	False	False	False	False	False	False	False	False	False	False	False	False
GCF_001983125.1_ASM198312v1_genomic	False	False	False	False	False	False	False	False	False	False	False	False	False	False	False	False	False	False	False	False
GCF_002000745.1_ASM200074v1_genomic	False	False	False	True	False	False	False	False	False	True	False	False	False	False	True	False	False	False	False	False
